<?xml version="1.0" encoding="UTF-8" standalone="yes" ?>
<appProperties xmlns="http://schemas.mathworks.com/matlab/app/2012/appProperties" signature="303899EB84027C50E17F8FB7751DDAF4B2350ABD">

  <entryPoint>Audio_Processor</entryPoint>

  <name>Audio Processor</name>

  <version>1.3</version>

  <createdByMATLABRelease>(R2018b)</createdByMATLABRelease>

  <GUID>1c0cd01a-a437-43c5-9fd1-fbf3b66ff1d3</GUID>

  <author>
    <name>Tu tia</name>
    <contact>tutia@correounivalle.edu.co</contact>
    <organization>Tropeles univalle stereo</organization>
  </author>

  <supportedPlatforms/>

  <requiredProducts/>

  <numFiles>9</numFiles>

  <created>2019-07-09T14:01:10Z</created>

  <appEntries>
    <appFile>/Audio_Processor.mlapp</appFile>
    <appFile>/icons8-stop-80.png</appFile>
    <appFile>/icons8-play-40.png</appFile>
    <appFile>/icons8-detener-16.png</appFile>
    <appFile>/icons8-reproducir-en-círculo-16.png</appFile>
    <appFile>/icons8-musical-80.png</appFile>
    <appFile>/icons8-play-80.png</appFile>
    <appFile>/icons8-grabar-80.png</appFile>
    <appFile>/icons8-detener-40.png</appFile>
  </appEntries>

</appProperties>
