<?xml version="1.0" encoding="UTF-8" standalone="yes" ?><fileEntries xmlns="http://schemas.mathworks.com/matlab/compiler/2011/fileManifest" encoding="UTF-8" platform="glnxa64"><fileEntry content="/fsroot/Audio_Processor.mlapp" date="2019-07-09T14:00:19Z" name="/Audio_Processor.mlapp" permissions="33206" type="File"/><fileEntry content="/fsroot/icons8-detener-16.png" date="2019-06-24T14:59:06Z" name="/icons8-detener-16.png" permissions="33204" type="File"/><fileEntry content="/fsroot/icons8-detener-40.png" date="2019-06-24T23:08:08Z" name="/icons8-detener-40.png" permissions="33204" type="File"/><fileEntry content="/fsroot/icons8-grabar-80.png" date="2019-06-24T14:52:42Z" name="/icons8-grabar-80.png" permissions="33204" type="File"/><fileEntry content="/fsroot/icons8-musical-80.png" date="2019-06-24T23:18:34Z" name="/icons8-musical-80.png" permissions="33204" type="File"/><fileEntry content="/fsroot/icons8-play-40.png" date="2019-06-24T23:07:58Z" name="/icons8-play-40.png" permissions="33204" type="File"/><fileEntry content="/fsroot/icons8-play-80.png" date="2019-06-24T23:19:14Z" name="/icons8-play-80.png" permissions="33204" type="File"/><fileEntry content="/fsroot/icons8-reproducir-en-c%C3%ADrculo-16.png" date="2019-06-24T14:54:55Z" name="/icons8-reproducir-en-círculo-16.png" permissions="33204" type="File"/><fileEntry content="/fsroot/icons8-stop-80.png" date="2019-07-02T00:11:23Z" name="/icons8-stop-80.png" permissions="33204" type="File"/></fileEntries>